<?xml version="1.0" encoding="UTF-8" standalone="yes"?>
<product>
    <properties-translations/>
    <id>123099</id>
    <uuid>06e90537-20c3-4ae4-8255-62ab2f8d8612</uuid>
    <name>AppDirectChallenge</name>
    <type>WEB_APP</type>
    <locale>en-US</locale>
    <addonPurchaseDisabled>false</addonPurchaseDisabled>
    <addon>false</addon>
    <listing>
        <properties-translations/>
        <companyName>Prathiba's Company</companyName>
        <languages>
            <language>en</language>
        </languages>
    </listing>
    <overview>
        <properties-translations>
            <entry>
                <key>imageUrl</key>
                <value>
                    <translations/>
                </value>
            </entry>
        </properties-translations>
        <benefits/>
    </overview>
    <support>
        <properties-translations/>
    </support>
    <integrationConfiguration>
        <properties-translations/>
        <api11>true</api11>
        <createUrl>https://myappdirectchallenge.herokuapp.com/api/notification/subscription/create?url={eventUrl}</createUrl>
        <createUrlInteractive>false</createUrlInteractive>
        <upgradeUrl>https://myappdirectchallenge.herokuapp.com/api/notification/subscription/change?url={eventUrl}</upgradeUrl>
        <upgradeUrlInteractive>false</upgradeUrlInteractive>
        <cancelUrl>https://myappdirectchallenge.herokuapp.com/api/notification/subscription/cancel?url={eventUrl}</cancelUrl>
        <cancelUrlInteractive>false</cancelUrlInteractive>
        <notifyUrl>https://myappdirectchallenge.herokuapp.com/api/notification/subscription/status?url={eventUrl}</notifyUrl>
        <assignUrl>https://myappdirectchallenge.herokuapp.com/api/notification/access/assign?url={eventUrl}</assignUrl>
        <unassignUrl>https://myappdirectchallenge.herokuapp.com/api/notification/access/unassign?url={eventUrl}</unassignUrl>
        <upcomingInvoiceEnabled>false</upcomingInvoiceEnabled>
        <openIdLoginUrl>https://myappdirectchallenge.herokuapp.com/login/openid?openid_identifier={openid}</openIdLoginUrl>
        <openIdLoginMethod>GET</openIdLoginMethod>
        <orderRequireFormFields>false</orderRequireFormFields>
        <skipDomainRegistration>false</skipDomainRegistration>
        <billRateRequired>false</billRateRequired>
        <titleRequired>false</titleRequired>
        <departmentRequired>false</departmentRequired>
        <zipCodeRequired>false</zipCodeRequired>
        <timezoneRequired>false</timezoneRequired>
        <appAdminRequired>false</appAdminRequired>
        <accessRightsRequired>false</accessRightsRequired>
        <userNameRequired>false</userNameRequired>
        <passwordRequired>false</passwordRequired>
        <idNumberRequired>false</idNumberRequired>
        <useAddonParentSingleSignOn>false</useAddonParentSingleSignOn>
        <hideAppTile>false</hideAppTile>
        <metadata/>
        <orderFormFields/>
        <additionalSettingsForms/>
    </integrationConfiguration>
    <referable>false</referable>
    <features/>
    <bullets/>
    <footnotes/>
    <editions>
        <edition>
            <properties-translations/>
            <uuid>d590c013-923d-4be7-a4f5-36f0ff495590</uuid>
            <rank>1</rank>
            <name>Recurring Edition</name>
            <primary>true</primary>
            <editionCode>RECURRING</editionCode>
            <trialEdition>false</trialEdition>
            <bundleOnly>false</bundleOnly>
            <invisible>false</invisible>
            <nonBuyable>false</nonBuyable>
            <revenueType>RECURRING</revenueType>
            <restricted>false</restricted>
            <domainPriceCheck>false</domainPriceCheck>
            <trial>
                <length>0</length>
                <unit>DAY</unit>
            </trial>
            <plans>
                <plan>
                    <properties-translations/>
                    <uuid>6f2c538e-cb49-4d6d-928d-8564fd7aad3e</uuid>
                    <frequency>MONTHLY</frequency>
                    <allowCustomUsage>false</allowCustomUsage>
                    <keepBillDateOnUsageChange>false</keepBillDateOnUsageChange>
                    <separatePrepaid>false</separatePrepaid>
                    <primaryPrice>false</primaryPrice>
                    <contract>
                        <properties-translations/>
                        <terminationFees/>
                        <blockContractDowngrades>false</blockContractDowngrades>
                        <blockContractUpgrades>false</blockContractUpgrades>
                        <blockSwitchToShorterContract>false</blockSwitchToShorterContract>
                        <continueWithoutContract>true</continueWithoutContract>
                        <terminationFeeGracePeriodUnit>DAY</terminationFeeGracePeriodUnit>
                        <terminationFeeType>NONE</terminationFeeType>
                    </contract>
                    <planUnits>
                        <planUnit>
                            <unit>USER</unit>
                            <pricingStrategy>UNIT</pricingStrategy>
                            <meteredUsage>false</meteredUsage>
                            <increment>1.0000000000</increment>
                            <pricePerIncrement>false</pricePerIncrement>
                            <blockContractDecrease>false</blockContractDecrease>
                            <blockContractIncrease>false</blockContractIncrease>
                            <blockOriginalContractDecrease>false</blockOriginalContractDecrease>
                            <costs>
<cost>
    <minUnits>1.0000000000</minUnits>
    <amounts>
        <amount>
            <currency>USD</currency>
            <value>10</value>
        </amount>
    </amounts>
</cost>
                            </costs>
                        </planUnit>
                    </planUnits>
                </plan>
            </plans>
            <bullets/>
            <items>
                <item>
                    <unit>USER</unit>
                    <amount>0.0000000000</amount>
                    <unlimited>false</unlimited>
                </item>
            </items>
            <customizations/>
        </edition>
    </editions>
    <addonOfferings/>
    <screenshots/>
    <resources/>
    <featuredCustomers/>
    <featuredMedia/>
    <categories/>
    <tags/>
    <industries/>
</product>
